[
    {
        "nombre": "Concesionario Cabanillas",
        "Coches": [
            {
                "Marca": "Mercedes",
                "Modelo":"XDTI-Holanda",
                "Matricula": "ZX-20456",
                "Kilometros": "15600",
                "Ano":"2018",
                "Potencia":"300CV",
                "Sello E":"C",
                "Precio":24750
            },
            {
                "Marca": "Tesla",
                "Modelo":"S",
                "Matricula": "BC-45066",
                "Kilometros": "240",
                "Ano":"2020",
                "Potencia":"180CV",
                "Sello E":"A++",
                "Precio":45050
            },
            {
                "Marca": "SEAT",
                "Modelo":"Toledo",
                "Matricula": "BXC-19043",
                "Kilometros": "20300",
                "Ano":"2011",
                "Potencia":"200CV",
                "Sello E":"D",
                "Precio":10000
            },
            {
                "Marca": "HONDA",
                "Modelo":"TBX",
                "Matricula": "MA-45032",
                "Kilometros": "24500",
                "Ano":"2016",
                "Potencia":"245CV",
                "Sello E":"E",
                "Precio":12000
            },
            {
                "Marca": "MINI",
                "Modelo":"Beetle",
                "Matricula": "Z-39457",
                "Kilometros": "150",
                "Ano":"2020",
                "Potencia":"180CV",
                "Sello E":"b",
                "Precio":12000
            },
            {
                "Marca": "AUDI",
                "Modelo":"Gizmodo",
                "Matricula": "FR-40242",
                "Kilometros": "2500",
                "Ano":"2014",
                "Potencia":"140CV",
                "Sello E":"A",
                "Precio":22300
            },
            {
                "Marca": "AUDI",
                "Modelo":"Chinchon",
                "Matricula": "QR-2022",
                "Kilometros": "17800",
                "Ano":"2019",
                "Potencia":"220CV",
                "Sello E":"B",
                "Precio":29500
            },
            {
                "Marca": "SEAT",
                "Modelo":"Leon",
                "Matricula": "GL-004553",
                "Kilometros": "13500",
                "Ano":"1998",
                "Potencia":"290CV",
                "Sello E":"F",
                "Precio":25500
            },
            {
                "Marca": "MERCEDES",
                "Modelo":"Xataka",
                "Matricula": "SV-19942",
                "Kilometros": "29870",
                "Ano":"2021",
                "Potencia":"220CV",
                "Sello E":"C",
                "Precio":22000
            },
            {
                "Marca": "SEAT",
                "Modelo":"Panda",
                "Matricula": "XC-222342",
                "Kilometros": "10500",
                "Ano":"1999",
                "Potencia":"190CV",
                "Sello E":"B",
                "Precio":7500
            }
        ],
        "Clientes": [
            {
                "Nombre":"Juan",
                "Apellidos":"Valdemirez",
                "Provincia":"Madrid",
                "Telefono":"954444333"
            },
            {
                "Nombre":"Luisa",
                "Apellidos":"Garrido",
                "Provincia":"Sevilla",
                "Telefono":"657883122"
            },
            {
                "Nombre":"Mar",
                "Apellidos":"Yluz",
                "Provincia":"Cordoba",
                "Telefono":""
            },
            {
                "Nombre":"Concepcion",
                "Apellidos":"Macarrones",
                "Provincia":"Madrid",
                "Telefono":"666555444"
            },
            {
                "Nombre":"Martin",
                "Apellidos":"Gomez",
                "Provincia":"Sevilla",
                "Telefono":"654782309"
            },
            {
                "Nombre":"Jose",
                "Apellidos":"Gomez",
                "Provincia":"Madrid",
                "Telefono":""
            },
            {
                "Nombre":"Luis",
                "Apellidos":"Garrido",
                "Provincia":"Sevilla",
                "Telefono":"655034780"
            },
            {
                "Nombre":"Carlos",
                "Apellidos":"Darwin",
                "Provincia":"Londres",
                "Telefono":"655022360"
            },
            {
                "Nombre":"Niche",
                "Apellidos":"Einstein",
                "Provincia":"Murcia",
                "Telefono":"655022118"
            },
            {
                "Nombre":"Clara",
                "Apellidos":"Cantaro",
                "Provincia":"Zaragoza",
                "Telefono":"666777888"
            }
        ]
    }
]
/* Secuencias de inserción en MongoDD */

use concesionario

db.Coches.insertMany([
    {
        "Marca": "Mercedes",
        "Modelo":"XDTI-Holanda",
        "Matricula": "ZX-20456",
        "Kilometros": "15600",
        "Ano":"2018",
        "Potencia":"300CV",
        "Sello E":"C",
        "Precio":"24750"
    },
    {
        "Marca": "Tesla",
        "Modelo":"S",
        "Matricula": "BC-45066",
        "Kilometros": "240",
        "Ano":"2020",
        "Potencia":"180CV",
        "Sello E":"A++",
        "Precio":"45050"
    },
    {
        "Marca": "SEAT",
        "Modelo":"Toledo",
        "Matricula": "BXC-19043",
        "Kilometros": "20300",
        "Ano":"2011",
        "Potencia":"200CV",
        "Sello E":"D",
        "Precio":"10000"
    },
    {
        "Marca": "HONDA",
        "Modelo":"TBX",
        "Matricula": "MA-45032",
        "Kilometros": "24500",
        "Ano":"2016",
        "Potencia":"245CV",
        "Sello E":"E",
        "Precio":"12000"
    },
    {
        "Marca": "MINI",
        "Modelo":"Beetle",
        "Matricula": "Z-39457",
        "Kilometros": "150",
        "Ano":"2020",
        "Potencia":"180CV",
        "Sello E":"b",
        "Precio":"12000"
    },
    {
        "Marca": "AUDI",
        "Modelo":"Gizmodo",
        "Matricula": "FR-40242",
        "Kilometros": "2500",
        "Ano":"2014",
        "Potencia":"140CV",
        "Sello E":"A",
        "Precio":"22300"
    },
    {
        "Marca": "AUDI",
        "Modelo":"Chinchon",
        "Matricula": "QR-2022",
        "Kilometros": "17800",
        "Ano":"2019",
        "Potencia":"220CV",
        "Sello E":"B",
        "Precio":"29500"
    },
    {
        "Marca": "SEAT",
        "Modelo":"Leon",
        "Matricula": "GL-004553",
        "Kilometros": "13500",
        "Ano":"1998",
        "Potencia":"290CV",
        "Sello E":"F",
        "Precio":"25500"
    },
    {
        "Marca": "MERCEDES",
        "Modelo":"Xataka",
        "Matricula": "SV-19942",
        "Kilometros": "29870",
        "Ano":"2021",
        "Potencia":"220CV",
        "Sello E":"C",
        "Precio":"22000"
    },
    {
        "Marca": "SEAT",
        "Modelo":"Panda",
        "Matricula": "XC-222342",
        "Kilometros": "10500",
        "Ano":"1999",
        "Potencia":"190CV",
        "Sello E":"B",
        "Precio":"7500"
    }
])
db.Clientes.insertMany([
        {
            "Nombre":"Juan",
            "Apellidos":"Valdemirez",
            "Provincia":"Madrid",
            "Telefono":"954444333"
        },
        {
            "Nombre":"Luisa",
            "Apellidos":"Garrido",
            "Provincia":"Sevilla",
            "Telefono":"657883122"
        },
        {
            "Nombre":"Mar",
            "Apellidos":"Yluz",
            "Provincia":"Cordoba",
            "Telefono":""
        },
        {
            "Nombre":"Concepcion",
            "Apellidos":"Macarrones",
            "Provincia":"Madrid",
            "Telefono":"666555444"
        },
        {
            "Nombre":"Martin",
            "Apellidos":"Gomez",
            "Provincia":"Sevilla",
            "Telefono":"654782309"
        },
        {
            "Nombre":"Jose",
            "Apellidos":"Gomez",
            "Provincia":"Madrid",
            "Telefono":""
        },
        {
            "Nombre":"Luis",
            "Apellidos":"Garrido",
            "Provincia":"Sevilla",
            "Telefono":"655034780"
        },
        {
            "Nombre":"Carlos",
            "Apellidos":"Darwin",
            "Provincia":"Londres",
            "Telefono":"655022360"
        },
        {
            "Nombre":"Niche",
            "Apellidos":"Einstein",
            "Provincia":"Murcia",
            "Telefono":"655022118"
        },
        {
            "Nombre":"Clara",
            "Apellidos":"Cantaro",
            "Provincia":"Zaragoza",
            "Telefono":"666777888"
        }
    ])